id,response,treatment,completeness,specificity,faithful,details
1,"Based on the architecture description provided by the visual interpreter and the analysis from the systems analyst, here are some actionable recommendations for improving the overall architecture quality:

1. **Introduce a Circuit Breaker (e.g., Resilience4j) between Service A and Database B**: Give",llama3:latest,4.0,3,True,"The review covers most required sections, with some minor omissions. Recommendations are mostly concrete but could be more detailed."
2,"Based on the architecture description provided by the visual interpreter and the analysis from the systems analyst, here are some actionable recommendations for improving the overall architecture quality:

1. **Introduce a Circuit Breaker (e.g., Resilience4j) between Service A and Database B**: Give",smollm2:135m,2.0,,,
3,"Based on the architecture description provided by the visual interpreter and the analysis from the systems analyst, here are some actionable recommendations for improving the overall architecture quality:

1. **Introduce a Circuit Breaker (e.g., Resilience4j) between Service A and Database B**: Give",smollm2:135m,,,,
